Batch_num,loss,proto_acc,categorical_accuracy,val_loss,val_proto_acc,val_categorical_accuracy,
1,9.6529455,0.38333333,0.38333333,
2,9.5141,0.42333335,0.42333335,
3,9.362108,0.42666668,0.42666668,
4,9.3091955,0.42333335,0.42333335,
5,9.0999365,0.46,0.46,
6,9.127972,0.43333334,0.43333334,
7,9.011805,0.47,0.47,
8,8.942139,0.49,0.49,
9,8.902539,0.48666668,0.48666668,
10,8.88593,0.45333335,0.45333335,
11,8.7947235,0.5133333,0.5133333,
12,8.81025,0.50666666,0.50666666,
13,8.653432,0.5733333,0.5733333,
14,8.63092,0.54333335,0.54333335,
15,8.603341,0.53,0.53,
16,8.519181,0.57666665,0.57666665,
17,8.542508,0.59,0.59,
18,8.467427,0.6,0.6,
19,8.540865,0.5133333,0.5133333,
20,8.595967,0.56,0.56,7.941441,0.61333334,0.61333334,
21,8.410073,0.5966667,0.5966667,
22,8.410834,0.56666666,0.56666666,
23,8.299808,0.6666667,0.6666667,
24,8.363584,0.5833333,0.5833333,
25,8.352553,0.58,0.58,
26,8.323747,0.56666666,0.56666666,
27,8.26037,0.61,0.61,
28,8.188997,0.63,0.63,
29,8.199616,0.66,0.66,
30,8.194103,0.64666665,0.64666665,
31,8.142498,0.63666666,0.63666666,
32,8.009986,0.71,0.71,
33,8.026888,0.6566667,0.6566667,
34,7.9336047,0.74666667,0.74666667,
35,8.063515,0.59,0.59,
36,7.9895387,0.6666667,0.6666667,
37,7.9689536,0.68666667,0.68666667,
38,8.117123,0.62333333,0.62333333,
39,7.909974,0.66,0.66,
40,8.059844,0.64666665,0.64666665,7.7137156,0.6766667,0.6766667,
41,7.9206324,0.65,0.65,
42,7.847161,0.67333335,0.67333335,
43,7.884792,0.68,0.68,
44,7.799997,0.75333333,0.75333333,
45,7.6933775,0.72333336,0.72333336,
46,7.7273517,0.70666665,0.70666665,
47,7.753477,0.7266667,0.7266667,
48,7.7305202,0.6666667,0.6666667,
49,7.7355366,0.74333334,0.74333334,
50,7.7127585,0.7,0.7,
51,7.8122654,0.68333334,0.68333334,
52,7.6226707,0.7633333,0.7633333,
53,7.712075,0.6933333,0.6933333,
54,7.5687356,0.7266667,0.7266667,
55,7.424711,0.80333334,0.80333334,
56,7.5367637,0.7366667,0.7366667,
57,7.528822,0.73333335,0.73333335,
58,7.6211696,0.7266667,0.7266667,
59,7.5292096,0.7366667,0.7366667,
60,7.5130925,0.72333336,0.72333336,7.56368,0.7366667,0.7366667,
61,7.3636446,0.80333334,0.80333334,
62,7.5440464,0.73333335,0.73333335,
63,7.463222,0.76666665,0.76666665,
64,7.371056,0.74,0.74,
65,7.4059324,0.73,0.73,
66,7.428077,0.77,0.77,
67,7.358918,0.81,0.81,
68,7.4369936,0.7633333,0.7633333,
69,7.3110533,0.8,0.8,
70,7.3793597,0.76,0.76,
71,7.3053327,0.76,0.76,
72,7.2713614,0.81,0.81,
73,7.2859397,0.74333334,0.74333334,
74,7.144432,0.80333334,0.80333334,
75,7.235899,0.81333333,0.81333333,
76,7.206386,0.82,0.82,
77,7.21105,0.79333335,0.79333335,
78,7.168594,0.79,0.79,
79,7.271416,0.8,0.8,
80,7.2821627,0.78333336,0.78333336,7.5559235,0.7633333,0.7633333,
81,7.186079,0.81333333,0.81333333,
82,7.199341,0.86,0.86,
83,7.275668,0.7633333,0.7633333,
84,7.190576,0.8433333,0.8433333,
85,7.0851703,0.79,0.79,
86,7.2280293,0.78,0.78,
87,7.11052,0.78333336,0.78333336,
88,7.1934843,0.81333333,0.81333333,
89,6.996135,0.8466667,0.8466667,
90,7.0200834,0.82,0.82,
91,7.158827,0.81333333,0.81333333,
92,7.1496224,0.77666664,0.77666664,
93,7.1326284,0.82666665,0.82666665,
94,7.0028715,0.84,0.84,
95,6.905573,0.85333335,0.85333335,
96,7.1124697,0.8233333,0.8233333,
97,6.963852,0.81333333,0.81333333,
98,7.109671,0.7866667,0.7866667,
99,7.0189676,0.82666665,0.82666665,
100,6.9366484,0.8433333,0.8433333,7.2454996,0.8566667,0.8566667,
101,6.979772,0.8566667,0.8566667,
102,6.8850574,0.8333333,0.8333333,
103,6.8724833,0.8566667,0.8566667,
104,6.9087634,0.8566667,0.8566667,
105,6.9160724,0.85,0.85,
106,6.8490047,0.8833333,0.8833333,
107,7.0255346,0.82666665,0.82666665,
108,6.8907514,0.85333335,0.85333335,
109,6.9035554,0.8666667,0.8666667,
110,6.863021,0.82666665,0.82666665,
111,6.916664,0.84,0.84,
112,6.7957945,0.8833333,0.8833333,
113,6.9310536,0.85,0.85,
114,6.897414,0.86333334,0.86333334,
115,6.8940673,0.87333333,0.87333333,
116,6.777944,0.8666667,0.8666667,
117,6.71989,0.8666667,0.8666667,
118,6.8251314,0.8466667,0.8466667,
119,6.8799915,0.85333335,0.85333335,
120,6.992272,0.7733333,0.7733333,7.564854,0.8233333,0.8233333,
121,6.873936,0.8466667,0.8466667,
122,6.6741505,0.8833333,0.8833333,
123,6.846423,0.8333333,0.8333333,
124,6.6693664,0.89,0.89,
125,6.706345,0.9266667,0.9266667,
126,6.8048725,0.83666664,0.83666664,
127,6.7943726,0.84,0.84,
128,6.7233505,0.8833333,0.8833333,
129,6.696495,0.88,0.88,
130,6.7526355,0.8833333,0.8833333,
131,6.7780757,0.85333335,0.85333335,
132,6.6812963,0.85,0.85,
133,6.722691,0.8933333,0.8933333,
134,6.769936,0.86333334,0.86333334,
135,6.6164465,0.9266667,0.9266667,
136,6.6750555,0.9033333,0.9033333,
137,6.6569796,0.91,0.91,
138,6.716532,0.89,0.89,
139,6.7936206,0.88,0.88,
140,6.7223673,0.88666666,0.88666666,7.4701757,0.86333334,0.86333334,
141,6.7552567,0.83666664,0.83666664,
142,6.7325907,0.8666667,0.8666667,
143,6.8205137,0.86333334,0.86333334,
144,6.534231,0.9166667,0.9166667,
145,6.619644,0.87333333,0.87333333,
146,6.640038,0.9033333,0.9033333,
147,6.633022,0.88,0.88,
148,6.5738087,0.91,0.91,
149,6.622483,0.88,0.88,
150,6.592825,0.8933333,0.8933333,
151,6.63279,0.8933333,0.8933333,
152,6.6391754,0.88,0.88,
153,6.8043275,0.82666665,0.82666665,
154,6.6363463,0.87666667,0.87666667,
155,6.5171,0.92,0.92,
156,6.6069837,0.91333336,0.91333336,
157,6.6305027,0.89,0.89,
158,6.64148,0.8933333,0.8933333,
159,6.6578565,0.86,0.86,
160,6.691331,0.85333335,0.85333335,7.4120255,0.86333334,0.86333334,
161,6.6935725,0.83666664,0.83666664,
162,6.5491986,0.86333334,0.86333334,
163,6.674073,0.85333335,0.85333335,
164,6.5014935,0.92,0.92,
165,6.471649,0.93666667,0.93666667,
166,6.536386,0.91333336,0.91333336,
167,6.495535,0.91,0.91,
168,6.6401057,0.8833333,0.8833333,
169,6.522776,0.91,0.91,
170,6.620455,0.88666666,0.88666666,
171,6.5618787,0.91,0.91,
172,6.580182,0.87333333,0.87333333,
173,6.5495424,0.9066667,0.9066667,
174,6.5194683,0.9266667,0.9266667,
175,6.5194855,0.9066667,0.9066667,
176,6.493409,0.9033333,0.9033333,
177,6.556594,0.91333336,0.91333336,
178,6.532118,0.91,0.91,
179,6.4477887,0.9033333,0.9033333,
180,6.4628205,0.92333335,0.92333335,7.3537097,0.86333334,0.86333334,
181,6.496271,0.93666667,0.93666667,
182,6.5588946,0.86333334,0.86333334,
183,6.5666723,0.88666666,0.88666666,
184,6.5728707,0.8666667,0.8666667,
185,6.521523,0.91333336,0.91333336,
186,6.5323124,0.9066667,0.9066667,
187,6.3897266,0.95,0.95,
188,6.440658,0.94666666,0.94666666,
189,6.444313,0.9433333,0.9433333,
190,6.3801727,0.9433333,0.9433333,
191,6.499657,0.9,0.9,
192,6.501319,0.9,0.9,
193,6.4318805,0.91,0.91,
194,6.496134,0.87,0.87,
195,6.339158,0.95666665,0.95666665,
196,6.390224,0.9266667,0.9266667,
197,6.404297,0.93666667,0.93666667,
198,6.4072614,0.93333334,0.93333334,
199,6.419912,0.92333335,0.92333335,
200,6.4856434,0.8933333,0.8933333,7.2467318,0.8466667,0.8466667,
201,6.3994985,0.9266667,0.9266667,
202,6.382434,0.94666666,0.94666666,
203,6.3421836,0.94666666,0.94666666,
204,6.4059153,0.94666666,0.94666666,
205,6.516553,0.89666665,0.89666665,
206,6.4467907,0.9166667,0.9166667,
207,6.4976645,0.88,0.88,
208,6.5466776,0.9,0.9,
209,6.3747797,0.92,0.92,
210,6.4007664,0.9166667,0.9166667,
211,6.407426,0.9166667,0.9166667,
212,6.4019265,0.92333335,0.92333335,
213,6.4043326,0.89,0.89,
214,6.45321,0.91333336,0.91333336,
215,6.4476724,0.9266667,0.9266667,
216,6.384634,0.93666667,0.93666667,
217,6.367212,0.9433333,0.9433333,
218,6.41198,0.93,0.93,
219,6.3366528,0.9266667,0.9266667,
220,6.3934574,0.93,0.93,7.065485,0.9,0.9,
221,6.3484406,0.9266667,0.9266667,
222,6.372473,0.93333334,0.93333334,
223,6.370417,0.94666666,0.94666666,
224,6.415853,0.93,0.93,
225,6.340143,0.9433333,0.9433333,
226,6.496403,0.92333335,0.92333335,
227,6.4212313,0.9033333,0.9033333,
228,6.3368196,0.9066667,0.9066667,
229,6.3510447,0.9033333,0.9033333,
230,6.4134054,0.9033333,0.9033333,
231,6.4367824,0.9066667,0.9066667,
232,6.24623,0.96,0.96,
233,6.2628775,0.9533333,0.9533333,
234,6.3854375,0.94,0.94,
235,6.3299184,0.93666667,0.93666667,
236,6.3289866,0.94666666,0.94666666,
237,6.35283,0.93333334,0.93333334,
238,6.369694,0.93333334,0.93333334,
239,6.2755523,0.9433333,0.9433333,
240,6.326993,0.93333334,0.93333334,7.4664006,0.8666667,0.8666667,
241,6.333131,0.92,0.92,
242,6.3118496,0.93,0.93,
243,6.3302817,0.92333335,0.92333335,
244,6.303481,0.92333335,0.92333335,
245,6.3714833,0.93,0.93,
246,6.251245,0.93666667,0.93666667,
247,6.326494,0.95666665,0.95666665,
248,6.3107243,0.94,0.94,
249,6.2581854,0.95666665,0.95666665,
250,6.337332,0.9266667,0.9266667,
251,6.263698,0.94,0.94,
252,6.363038,0.9433333,0.9433333,
253,6.3906913,0.93,0.93,
254,6.350826,0.9066667,0.9066667,
255,6.366257,0.9,0.9,
256,6.2944894,0.95,0.95,
257,6.3497343,0.93666667,0.93666667,
258,6.4579287,0.93333334,0.93333334,
259,6.3269625,0.93333334,0.93333334,
260,6.3690586,0.93666667,0.93666667,7.420324,0.85333335,0.85333335,
261,6.3537455,0.9633333,0.9633333,
262,6.37665,0.9166667,0.9166667,
263,6.3683405,0.9166667,0.9166667,
264,6.302913,0.94,0.94,
265,6.3134723,0.9033333,0.9033333,
266,6.3041553,0.9433333,0.9433333,
267,6.346914,0.94,0.94,
268,6.275011,0.94666666,0.94666666,
269,6.3085814,0.93666667,0.93666667,
270,6.254707,0.94666666,0.94666666,
271,6.3334556,0.93333334,0.93333334,
272,6.218775,0.96666664,0.96666664,
273,6.3691225,0.93666667,0.93666667,
274,6.329894,0.95,0.95,
275,6.2390013,0.9633333,0.9633333,
276,6.2731366,0.94666666,0.94666666,
277,6.255178,0.94,0.94,
278,6.3081503,0.93333334,0.93333334,
279,6.254129,0.9633333,0.9633333,
280,6.3154235,0.9533333,0.9533333,7.365454,0.86333334,0.86333334,
281,6.3819976,0.9266667,0.9266667,
282,6.3037763,0.94666666,0.94666666,
283,6.259322,0.9433333,0.9433333,
284,6.3926845,0.89666665,0.89666665,
285,6.3090677,0.93333334,0.93333334,
286,6.2636747,0.9433333,0.9433333,
287,6.270173,0.9433333,0.9433333,
288,6.2136545,0.9633333,0.9633333,
289,6.2434874,0.96,0.96,
290,6.2859945,0.94666666,0.94666666,
291,6.3365073,0.94,0.94,
292,6.2694235,0.95666665,0.95666665,
293,6.2466197,0.96,0.96,
294,6.2455454,0.9266667,0.9266667,
295,6.266161,0.94666666,0.94666666,
296,6.312665,0.95,0.95,
297,6.2889943,0.9633333,0.9633333,
298,6.1982827,0.94,0.94,
299,6.171385,0.96666664,0.96666664,
300,6.250178,0.95,0.95,7.5265574,0.8933333,0.8933333,
301,6.21834,0.94,0.94,
302,6.2764373,0.93,0.93,
303,6.274978,0.93333334,0.93333334,
304,6.259671,0.9633333,0.9633333,
305,6.1475286,0.97333336,0.97333336,
306,6.1945324,0.94666666,0.94666666,
307,6.2620983,0.93333334,0.93333334,
308,6.207364,0.98,0.98,
309,6.2785215,0.94,0.94,
310,6.237162,0.9533333,0.9533333,
311,6.234884,0.9633333,0.9633333,
312,6.2721562,0.95,0.95,
313,6.239969,0.97,0.97,
314,6.209094,0.9633333,0.9633333,
315,6.20637,0.95,0.95,
316,6.2408643,0.9533333,0.9533333,
317,6.201881,0.9433333,0.9433333,
318,6.1992254,0.9633333,0.9633333,
319,6.2786922,0.9433333,0.9433333,
320,6.2207847,0.95,0.95,7.8489475,0.8566667,0.8566667,
321,6.2354307,0.95666665,0.95666665,
322,6.2730203,0.95666665,0.95666665,
323,6.30753,0.93,0.93,
324,6.191768,0.97,0.97,
325,6.198077,0.9633333,0.9633333,
326,6.188881,0.95,0.95,
327,6.1980042,0.94666666,0.94666666,
328,6.2572346,0.96666664,0.96666664,
329,6.2066936,0.97,0.97,
330,6.2598023,0.94666666,0.94666666,
331,6.2438245,0.93333334,0.93333334,
332,6.204727,0.95,0.95,
333,6.258271,0.95666665,0.95666665,
334,6.232243,0.92333335,0.92333335,
335,6.1843405,0.95666665,0.95666665,
336,6.187558,0.94,0.94,
337,6.2375193,0.95,0.95,
338,6.160535,0.96,0.96,
339,6.2494435,0.9533333,0.9533333,
340,6.1929374,0.98333335,0.98333335,7.922042,0.8433333,0.8433333,
341,6.1925893,0.9633333,0.9633333,
342,6.167329,0.96,0.96,
343,6.170927,0.97333336,0.97333336,
344,6.1803865,0.9633333,0.9633333,
345,6.146304,0.96666664,0.96666664,
346,6.239177,0.93666667,0.93666667,
347,6.2842603,0.9066667,0.9066667,
348,6.2116413,0.95666665,0.95666665,
349,6.204567,0.9433333,0.9433333,
350,6.108123,0.96,0.96,
351,6.1655436,0.96666664,0.96666664,
352,6.280069,0.93666667,0.93666667,
353,6.164269,0.9633333,0.9633333,
354,6.2590656,0.93333334,0.93333334,
355,6.283936,0.96,0.96,
356,6.2628894,0.94,0.94,
357,6.2090497,0.9433333,0.9433333,
358,6.0867224,0.98,0.98,
359,6.1602087,0.97,0.97,
360,6.261906,0.93666667,0.93666667,7.194881,0.9033333,0.9033333,
361,6.1627765,0.9633333,0.9633333,
362,6.116715,0.9633333,0.9633333,
363,6.168176,0.95666665,0.95666665,
364,6.231921,0.96,0.96,
365,6.2926373,0.91,0.91,
366,6.1826825,0.9533333,0.9533333,
367,6.1679273,0.9433333,0.9433333,
368,6.2174673,0.93666667,0.93666667,
369,6.175295,0.96666664,0.96666664,
370,6.1946535,0.95666665,0.95666665,
371,6.144172,0.96666664,0.96666664,
372,6.1709857,0.9633333,0.9633333,
373,6.136323,0.9533333,0.9533333,
374,6.218743,0.96,0.96,
375,6.148357,0.9633333,0.9633333,
376,6.123209,0.9633333,0.9633333,
377,6.137655,0.95666665,0.95666665,
378,6.1076145,0.98333335,0.98333335,
379,6.121653,0.9633333,0.9633333,
380,6.172587,0.95,0.95,7.6230154,0.91,0.91,
381,6.1804905,0.9533333,0.9533333,
382,6.1801357,0.9633333,0.9633333,
383,6.1802936,0.9533333,0.9533333,
384,6.1515493,0.95,0.95,
385,6.125146,0.96,0.96,
386,6.2018943,0.9633333,0.9633333,
387,6.1715326,0.97333336,0.97333336,
388,6.142581,0.97,0.97,
389,6.2127833,0.94666666,0.94666666,
390,6.1844563,0.95666665,0.95666665,
391,6.1518474,0.9766667,0.9766667,
392,6.1057944,0.9633333,0.9633333,
393,6.1526213,0.97,0.97,
394,6.082947,0.96666664,0.96666664,
395,6.16675,0.9766667,0.9766667,
396,6.1417136,0.96666664,0.96666664,
397,6.1161175,0.9866667,0.9866667,
398,6.1579447,0.94666666,0.94666666,
399,6.1119933,0.97,0.97,
400,6.1242423,0.9633333,0.9633333,7.416778,0.8566667,0.8566667,
401,6.1003013,0.9633333,0.9633333,
402,6.1376996,0.9633333,0.9633333,
403,6.145877,0.9533333,0.9533333,
404,6.242519,0.93666667,0.93666667,
405,6.0885773,0.97,0.97,
406,6.1639056,0.96,0.96,
407,6.1269255,0.96666664,0.96666664,
408,6.15834,0.97,0.97,
409,6.16327,0.9633333,0.9633333,
410,6.104657,0.97333336,0.97333336,
411,6.1809263,0.95,0.95,
412,6.12195,0.96,0.96,
413,6.173263,0.9633333,0.9633333,
414,6.113608,0.9766667,0.9766667,
415,6.175911,0.96,0.96,
416,6.1541486,0.97333336,0.97333336,
417,6.1379247,0.97,0.97,
418,6.13758,0.95,0.95,
419,6.0953054,0.97,0.97,
420,6.2108173,0.94,0.94,7.195428,0.9,0.9,
421,6.1444745,0.9533333,0.9533333,
422,6.106465,0.98333335,0.98333335,
423,6.2142954,0.9433333,0.9433333,
424,6.1071024,0.9766667,0.9766667,
425,6.1387644,0.95,0.95,
426,6.0884724,0.97,0.97,
427,6.0873036,0.97333336,0.97333336,
428,6.105248,0.98,0.98,
429,6.1139812,0.96,0.96,
430,6.183015,0.94666666,0.94666666,
431,6.1212096,0.95,0.95,
432,6.0702524,0.9766667,0.9766667,
433,6.0868406,0.97333336,0.97333336,
434,6.1281204,0.9533333,0.9533333,
435,6.0791698,0.97333336,0.97333336,
436,6.1250095,0.97,0.97,
437,6.1364136,0.95,0.95,
438,6.113871,0.96666664,0.96666664,
439,6.155477,0.9533333,0.9533333,
440,6.143923,0.94666666,0.94666666,7.3072195,0.86,0.86,
441,6.049538,0.9766667,0.9766667,
442,6.0830593,0.97,0.97,
443,6.090175,0.9766667,0.9766667,
444,6.1390314,0.95,0.95,
445,6.099348,0.97,0.97,
446,6.1641192,0.96,0.96,
447,6.085048,0.97,0.97,
448,6.1215544,0.97,0.97,
449,6.121057,0.96666664,0.96666664,
450,6.0988526,0.9766667,0.9766667,
451,6.1489735,0.95,0.95,
452,6.0678964,0.98333335,0.98333335,
453,6.0832844,0.97,0.97,
454,6.107933,0.97333336,0.97333336,
455,6.100929,0.97333336,0.97333336,
456,6.1938305,0.95,0.95,
457,6.074731,0.97333336,0.97333336,
458,6.121356,0.97,0.97,
459,6.093154,0.9633333,0.9633333,
460,6.110138,0.9533333,0.9533333,7.026998,0.9033333,0.9033333,
461,6.1355176,0.96,0.96,
462,6.1346593,0.97,0.97,
463,6.2032022,0.9633333,0.9633333,
464,6.258367,0.94,0.94,
465,6.1287327,0.96666664,0.96666664,
466,6.1496906,0.96,0.96,
467,6.163628,0.9633333,0.9633333,
468,6.076039,0.98,0.98,
469,6.0325274,0.98,0.98,
470,6.065857,0.97333336,0.97333336,
471,6.0466533,0.9766667,0.9766667,
472,6.0927787,0.96666664,0.96666664,
473,6.1073756,0.99,0.99,
474,6.126361,0.95666665,0.95666665,
475,6.0779543,0.9633333,0.9633333,
476,5.99717,0.9866667,0.9866667,
477,6.2439756,0.93666667,0.93666667,
478,6.088096,0.9766667,0.9766667,
479,6.085652,0.97333336,0.97333336,
480,6.0788593,0.96666664,0.96666664,7.710699,0.87666667,0.87666667,
481,6.064807,0.97333336,0.97333336,
482,6.088816,0.9766667,0.9766667,
483,6.1232057,0.96,0.96,
484,6.0746665,0.95666665,0.95666665,
485,6.023694,0.97333336,0.97333336,
486,6.0751996,0.98333335,0.98333335,
487,6.0972652,0.96,0.96,
488,6.1240625,0.9633333,0.9633333,
489,6.0637116,0.96666664,0.96666664,
490,6.0828815,0.95,0.95,
491,6.102088,0.98333335,0.98333335,
492,6.0762067,0.97,0.97,
493,6.0686126,0.9766667,0.9766667,
494,6.125545,0.97,0.97,
495,6.063199,0.95,0.95,
496,6.125993,0.9533333,0.9533333,
497,6.130843,0.96,0.96,
498,6.0390267,0.98,0.98,
499,6.0967402,0.9766667,0.9766667,
500,6.12351,0.97,0.97,7.28769,0.88666666,0.88666666,
501,6.071385,0.97,0.97,
502,6.1036115,0.98333335,0.98333335,
503,6.1297,0.9533333,0.9533333,
504,6.08104,0.9533333,0.9533333,
505,6.1027985,0.95,0.95,
506,6.0516224,0.98333335,0.98333335,
507,6.1293902,0.96,0.96,
508,6.05037,0.97333336,0.97333336,
509,6.0343657,0.99,0.99,
510,6.150212,0.9533333,0.9533333,
511,6.124178,0.95,0.95,
512,6.122488,0.96666664,0.96666664,
513,6.06963,0.9766667,0.9766667,
514,6.062526,0.97,0.97,
515,6.0186176,0.9866667,0.9866667,
516,6.1274934,0.95666665,0.95666665,
517,6.2026386,0.95666665,0.95666665,
518,6.1091185,0.9766667,0.9766667,
519,6.0364695,0.95666665,0.95666665,
520,6.0612946,0.9766667,0.9766667,7.29837,0.9033333,0.9033333,
521,6.10517,0.9766667,0.9766667,
522,6.0632014,0.94666666,0.94666666,
523,6.0685587,0.9766667,0.9766667,
524,6.036725,0.97,0.97,
525,6.0899076,0.9533333,0.9533333,
526,6.060709,0.96666664,0.96666664,
527,6.0455017,0.98333335,0.98333335,
528,6.1221576,0.96666664,0.96666664,
529,6.0976768,0.95,0.95,
530,6.0295806,0.96666664,0.96666664,
531,6.0253363,0.9866667,0.9866667,
532,6.074517,0.96,0.96,
533,6.089646,0.9633333,0.9633333,
534,6.0997405,0.97333336,0.97333336,
535,6.053895,0.97333336,0.97333336,
536,6.1969223,0.93333334,0.93333334,
537,6.0679464,0.97,0.97,
538,6.0300136,0.9866667,0.9866667,
539,6.06507,0.9633333,0.9633333,
540,6.1019497,0.95666665,0.95666665,7.5984793,0.87666667,0.87666667,
541,6.099943,0.97,0.97,
542,6.0172243,0.99,0.99,
543,6.0570126,0.97,0.97,
544,6.0550222,0.98333335,0.98333335,
545,6.0546637,0.9766667,0.9766667,
546,6.1343613,0.93333334,0.93333334,
547,6.0628133,0.97,0.97,
548,6.067914,0.95,0.95,
549,6.1090493,0.96,0.96,
550,6.0412993,0.96666664,0.96666664,
551,6.0235233,0.9866667,0.9866667,
552,6.016161,0.96666664,0.96666664,
553,6.0600686,0.9766667,0.9766667,
554,6.0864367,0.96666664,0.96666664,
555,6.0704346,0.9866667,0.9866667,
556,6.070406,0.9766667,0.9766667,
557,6.088193,0.97333336,0.97333336,
558,6.10059,0.95,0.95,
559,6.1152034,0.96,0.96,
560,6.099886,0.96,0.96,7.858974,0.8666667,0.8666667,
561,6.032684,0.9766667,0.9766667,
562,6.0454364,0.9633333,0.9633333,
563,6.104549,0.97333336,0.97333336,
564,5.9861827,0.98333335,0.98333335,
565,6.019046,0.9866667,0.9866667,
566,6.0599866,0.99333334,0.99333334,
567,6.023988,0.99,0.99,
568,6.088106,0.97,0.97,
569,6.123397,0.95666665,0.95666665,
570,6.093978,0.9766667,0.9766667,
571,6.0834403,0.9533333,0.9533333,
572,6.059557,0.97,0.97,
573,5.994916,0.9766667,0.9766667,
574,6.0123086,0.95666665,0.95666665,
575,6.10525,0.95666665,0.95666665,
576,6.0626903,0.97333336,0.97333336,
577,6.0621133,0.98,0.98,
578,6.134929,0.94666666,0.94666666,
579,6.0352497,0.96666664,0.96666664,
580,6.0425196,0.98333335,0.98333335,7.410096,0.89,0.89,
581,6.111787,0.98,0.98,
582,6.049762,0.98333335,0.98333335,
583,6.090974,0.98,0.98,
584,5.985834,0.98,0.98,
585,6.0709095,0.93666667,0.93666667,
586,6.089904,0.98,0.98,
587,6.0646415,0.96666664,0.96666664,
588,6.0334067,0.99,0.99,
589,6.0574827,0.98,0.98,
590,6.0301166,0.97,0.97,
591,6.0137167,0.9766667,0.9766667,
592,6.048691,0.9766667,0.9766667,
593,6.0193105,0.98,0.98,
594,6.068908,0.95666665,0.95666665,
595,5.969575,0.9866667,0.9866667,
596,6.0801444,0.96,0.96,
597,6.046596,0.96,0.96,
598,6.028138,0.98333335,0.98333335,
599,6.036591,0.98333335,0.98333335,
600,6.0473285,0.97,0.97,7.294499,0.88666666,0.88666666,
601,6.0464892,0.9633333,0.9633333,
602,5.9687905,0.99,0.99,
603,6.122011,0.97,0.97,
604,6.0743346,0.95666665,0.95666665,
605,6.0701804,0.96,0.96,
606,6.0279803,0.98,0.98,
607,6.1013436,0.96,0.96,
608,6.055707,0.98333335,0.98333335,
609,6.0098042,0.98333335,0.98333335,
610,5.9820843,0.98333335,0.98333335,
611,6.0629816,0.9533333,0.9533333,
612,6.080903,0.97,0.97,
613,6.0487375,0.96666664,0.96666664,
614,6.0787983,0.96,0.96,
615,6.0794277,0.97333336,0.97333336,
616,6.116491,0.95666665,0.95666665,
617,6.0398693,0.9766667,0.9766667,
618,6.0580554,0.98333335,0.98333335,
619,6.0060806,0.99333334,0.99333334,
620,6.0762844,0.97,0.97,7.224999,0.9166667,0.9166667,
621,6.0048766,0.97,0.97,
622,6.0543256,0.96666664,0.96666664,
623,5.9827175,0.99333334,0.99333334,
624,5.9737425,0.99666667,0.99666667,
625,6.044943,0.97333336,0.97333336,
626,6.029646,0.98,0.98,
627,6.040327,0.97,0.97,
628,6.0609922,0.9766667,0.9766667,
629,6.108981,0.93,0.93,
630,5.984467,0.99333334,0.99333334,
631,5.98531,0.9866667,0.9866667,
632,6.0697436,0.97333336,0.97333336,
633,6.0179687,0.98,0.98,
634,6.086201,0.98,0.98,
635,5.966628,0.9866667,0.9866667,
636,5.956971,0.97,0.97,
637,6.0300403,0.98,0.98,
638,6.0746408,0.9766667,0.9766667,
639,6.0095067,0.98333335,0.98333335,
640,6.0240307,0.98,0.98,7.794105,0.8233333,0.8233333,
641,6.024236,0.98333335,0.98333335,
642,6.055656,0.98,0.98,
643,6.04412,0.97,0.97,
644,5.985792,0.99333334,0.99333334,
645,6.0011883,0.9866667,0.9866667,
646,6.0587153,0.9633333,0.9633333,
647,6.0359263,0.97333336,0.97333336,
648,6.0976872,0.98,0.98,
649,5.994173,0.9866667,0.9866667,
650,6.043863,0.97,0.97,
651,5.997707,0.99333334,0.99333334,
652,6.028387,0.97,0.97,
653,6.016879,0.96,0.96,
654,5.987417,0.99,0.99,
655,6.032949,0.97333336,0.97333336,
656,6.046269,0.98,0.98,
657,6.036725,0.98,0.98,
658,6.0785594,0.97333336,0.97333336,
659,6.050375,0.9633333,0.9633333,
660,6.0202847,0.9866667,0.9866667,6.880134,0.87666667,0.87666667,
661,6.0108576,0.98333335,0.98333335,
662,6.0559793,0.97333336,0.97333336,
663,6.0388794,0.96,0.96,
664,6.034807,0.97333336,0.97333336,
665,5.9909115,0.9866667,0.9866667,
666,6.109634,0.95,0.95,
667,5.9832773,0.9866667,0.9866667,
668,6.0421896,0.9766667,0.9766667,
669,6.0251064,0.9766667,0.9766667,
670,6.0292706,0.97,0.97,
671,6.0244617,0.9866667,0.9866667,
672,5.9766793,0.98,0.98,
673,5.9548135,0.98,0.98,
674,6.021551,0.95666665,0.95666665,
675,5.9910045,0.99333334,0.99333334,
676,6.0069814,0.9866667,0.9866667,
677,6.043686,0.97333336,0.97333336,
678,6.0734334,0.98,0.98,
679,6.0391593,0.97333336,0.97333336,
680,6.0357904,0.96666664,0.96666664,7.7682486,0.8566667,0.8566667,
681,5.977537,0.98333335,0.98333335,
682,6.0509768,0.96,0.96,
683,6.013899,0.98,0.98,
684,6.0053844,0.99,0.99,
685,5.995789,0.98,0.98,
686,6.0213404,0.97,0.97,
687,6.0404716,0.98,0.98,
688,6.059471,0.95,0.95,
689,5.9743958,0.9766667,0.9766667,
690,6.0150023,0.98,0.98,
691,6.0175037,0.97,0.97,
692,6.008853,0.96,0.96,
693,6.0363617,0.97,0.97,
694,6.053836,0.96666664,0.96666664,
695,6.051064,0.9633333,0.9633333,
696,6.0599875,0.95666665,0.95666665,
697,6.0193896,0.96666664,0.96666664,
698,6.0679684,0.97333336,0.97333336,
699,6.0116673,0.98,0.98,
700,5.997693,0.9866667,0.9866667,7.4776235,0.87666667,0.87666667,
701,6.0521474,0.97333336,0.97333336,
702,5.9634256,0.99,0.99,
703,6.1972475,0.94,0.94,
704,6.0034466,0.9866667,0.9866667,
705,6.005712,0.99,0.99,
706,6.046737,0.97333336,0.97333336,
707,6.0276847,0.97333336,0.97333336,
708,6.0387053,0.98333335,0.98333335,
709,6.016205,0.97333336,0.97333336,
710,6.0461164,0.97333336,0.97333336,
711,6.011977,0.9633333,0.9633333,
712,6.0244985,0.9866667,0.9866667,
713,6.030016,0.96,0.96,
714,6.0765905,0.97,0.97,
715,6.0131173,0.97,0.97,
716,6.0424457,0.99,0.99,
717,5.975617,0.9866667,0.9866667,
718,6.0204983,0.97,0.97,
719,5.966902,0.99333334,0.99333334,
720,5.9926586,0.9866667,0.9866667,6.6676083,0.9266667,0.9266667,
721,6.0236635,0.99,0.99,
722,6.044504,0.98,0.98,
723,6.0107684,0.9866667,0.9866667,
724,6.042861,0.97333336,0.97333336,
725,5.9535937,0.98,0.98,
726,5.966767,0.99,0.99,
727,5.9777956,0.97333336,0.97333336,
728,5.9887486,0.99666667,0.99666667,
729,6.013344,0.9866667,0.9866667,
730,5.995809,0.99333334,0.99333334,
731,5.9449797,0.99,0.99,
732,5.9905744,0.9766667,0.9766667,
733,5.986205,0.98,0.98,
734,6.0347342,0.9533333,0.9533333,
735,5.941792,0.99666667,0.99666667,
736,5.9891305,0.98333335,0.98333335,
737,5.9667706,0.98333335,0.98333335,
738,5.975528,0.98,0.98,
739,6.058441,0.95666665,0.95666665,
740,6.0112004,0.99,0.99,6.6000323,0.91,0.91,
741,6.003286,0.9766667,0.9766667,
742,6.0052285,0.97333336,0.97333336,
743,5.9428234,0.99,0.99,
744,5.9661345,0.9633333,0.9633333,
745,6.028882,0.97,0.97,
746,6.0259933,0.97,0.97,
747,5.9541025,0.99666667,0.99666667,
748,6.021653,0.9866667,0.9866667,
749,5.9542756,0.99333334,0.99333334,
750,5.959649,0.99333334,0.99333334,
751,5.9963584,0.9866667,0.9866667,
752,6.0100923,0.97,0.97,
753,6.0287127,0.9866667,0.9866667,
754,5.990919,0.96666664,0.96666664,
755,5.982806,0.9866667,0.9866667,
756,5.9766912,0.98,0.98,
757,5.9937797,0.96,0.96,
758,6.0127096,0.95666665,0.95666665,
759,5.950941,0.99333334,0.99333334,
760,5.980698,0.98333335,0.98333335,7.7859716,0.88,0.88,
761,6.000523,0.9866667,0.9866667,
762,6.0032034,0.9766667,0.9766667,
763,6.0719156,0.96,0.96,
764,5.99335,0.99666667,0.99666667,
765,6.046158,0.93666667,0.93666667,
766,5.996826,0.97333336,0.97333336,
767,5.9500885,0.99,0.99,
768,6.0009375,0.9866667,0.9866667,
769,5.9427204,0.99666667,0.99666667,
770,6.0598936,0.97,0.97,
771,5.9281507,0.99,0.99,
772,5.997246,0.99,0.99,
773,5.9595847,0.98333335,0.98333335,
774,6.0404177,0.96666664,0.96666664,
775,6.0130024,0.9766667,0.9766667,
776,5.960618,0.99333334,0.99333334,
777,6.0002074,0.97333336,0.97333336,
778,6.043045,0.97,0.97,
779,5.959856,0.9766667,0.9766667,
780,5.976056,0.9866667,0.9866667,6.6813703,0.9,0.9,
781,6.0239105,0.97333336,0.97333336,
782,5.9358463,0.99333334,0.99333334,
783,6.003963,0.95666665,0.95666665,
784,5.9230623,0.99666667,0.99666667,
785,5.990281,0.9766667,0.9766667,
786,6.041094,0.97,0.97,
787,5.9967318,0.96666664,0.96666664,
788,6.0013804,0.98,0.98,
789,5.9924192,0.98,0.98,
790,5.9955463,0.98,0.98,
791,6.111909,0.95666665,0.95666665,
792,6.0572233,0.97,0.97,
793,5.950822,0.99333334,0.99333334,
794,5.973645,0.98,0.98,
795,5.9398885,0.99333334,0.99333334,
796,5.9107776,0.99666667,0.99666667,
797,5.989386,0.98,0.98,
798,5.99498,0.9766667,0.9766667,
799,6.0270953,0.97333336,0.97333336,
800,5.9745617,0.9866667,0.9866667,6.5006046,0.92,0.92,
801,5.9720387,0.97,0.97,
802,5.991037,0.98,0.98,
803,5.962591,0.9866667,0.9866667,
804,6.0063386,0.9866667,0.9866667,
805,6.00495,0.9766667,0.9766667,
806,6.0097685,0.98333335,0.98333335,
807,5.974995,0.99,0.99,
808,5.9448996,0.97333336,0.97333336,
809,5.9541044,0.9866667,0.9866667,
810,5.9773865,0.97333336,0.97333336,
811,6.0150137,0.97333336,0.97333336,
812,5.98594,0.99,0.99,
813,5.947926,0.99,0.99,
814,5.9552546,0.98,0.98,
815,5.938868,1.0,1.0,
816,6.036256,0.96,0.96,
817,5.95897,0.9766667,0.9766667,
818,5.9811473,0.9766667,0.9766667,
819,5.9956036,0.9766667,0.9766667,
820,5.9802814,0.98,0.98,7.495154,0.88,0.88,
821,5.9245753,0.99,0.99,
822,6.007963,0.98,0.98,
823,5.94969,0.99666667,0.99666667,
824,5.947106,0.97333336,0.97333336,
825,5.986134,0.9866667,0.9866667,
826,5.998986,0.98333335,0.98333335,
827,5.9667597,0.98,0.98,
828,5.99435,0.9533333,0.9533333,
829,5.9709983,0.98333335,0.98333335,
830,5.9801593,0.9766667,0.9766667,
831,5.9495687,0.99333334,0.99333334,
832,5.9781113,0.97333336,0.97333336,
833,6.078346,0.9633333,0.9633333,
834,5.9808407,0.9766667,0.9766667,
835,6.033597,0.9266667,0.9266667,
836,5.961525,0.99,0.99,
837,5.9448743,0.99666667,0.99666667,
838,6.013563,0.97333336,0.97333336,
839,5.9965777,0.97,0.97,
840,5.964645,0.99333334,0.99333334,6.4202313,0.91,0.91,
841,5.9980416,0.98333335,0.98333335,
842,5.9213896,0.99666667,0.99666667,
843,5.9955544,0.98333335,0.98333335,
844,5.9789,0.99333334,0.99333334,
845,5.991617,0.9766667,0.9766667,
846,5.9407663,0.99666667,0.99666667,
847,5.976339,0.98333335,0.98333335,
848,5.9854403,0.97333336,0.97333336,
849,5.97292,0.9866667,0.9866667,
850,5.9267244,0.99,0.99,
851,5.99133,0.9766667,0.9766667,
852,5.958479,0.99,0.99,
853,5.9731355,0.97,0.97,
854,6.013021,0.97333336,0.97333336,
855,5.982121,0.9766667,0.9766667,
856,5.9824314,0.9866667,0.9866667,
857,5.9215617,1.0,1.0,
858,5.965246,0.97333336,0.97333336,
859,5.974332,0.98333335,0.98333335,
860,5.9886565,0.98,0.98,6.7831044,0.9,0.9,
861,5.988923,0.9866667,0.9866667,
862,5.9524717,0.98333335,0.98333335,
863,6.0412436,0.94,0.94,
864,5.982489,0.96666664,0.96666664,
865,5.904794,1.0,1.0,
866,5.9790373,0.98333335,0.98333335,
867,6.01781,0.9533333,0.9533333,
868,5.9287677,0.9866667,0.9866667,
869,5.940038,0.9866667,0.9866667,
870,5.9602537,0.99666667,0.99666667,
871,5.9746966,0.9866667,0.9866667,
872,6.004834,0.98333335,0.98333335,
873,5.9720087,0.98,0.98,
874,5.956741,0.99,0.99,
875,5.987794,0.96666664,0.96666664,
876,5.973229,0.96,0.96,
877,5.960877,0.98333335,0.98333335,
878,5.987689,0.9766667,0.9766667,
879,5.9432526,0.9866667,0.9866667,
880,6.042487,0.96666664,0.96666664,6.4564743,0.95,0.95,
881,5.9980917,0.9866667,0.9866667,
882,5.930247,0.98333335,0.98333335,
883,5.9766307,0.97333336,0.97333336,
884,5.9623113,0.99333334,0.99333334,
885,5.9649687,0.98,0.98,
886,5.959838,0.99333334,0.99333334,
887,6.0374494,0.98,0.98,
888,5.9330688,0.99,0.99,
889,5.902884,0.99,0.99,
890,6.0477295,0.98333335,0.98333335,
891,5.992484,0.98,0.98,
892,6.0056834,0.99,0.99,
893,5.9029255,1.0,1.0,
894,5.9803476,0.9866667,0.9866667,
895,6.0567117,0.94666666,0.94666666,
896,6.0058155,0.96666664,0.96666664,
897,5.997188,0.9866667,0.9866667,
898,5.9496164,0.98333335,0.98333335,
899,5.973515,0.99333334,0.99333334,
900,5.9887595,0.99,0.99,6.610768,0.89,0.89,
901,6.0083375,0.96,0.96,
902,5.972422,0.9766667,0.9766667,
903,5.9437633,0.9866667,0.9866667,
904,5.9853015,0.99333334,0.99333334,
905,5.976872,0.98333335,0.98333335,
906,5.9534454,0.9866667,0.9866667,
907,5.931134,0.99,0.99,
908,5.976945,0.99,0.99,
909,5.976814,0.9766667,0.9766667,
910,5.951257,0.99,0.99,
911,5.99837,0.97333336,0.97333336,
912,6.0025487,0.97,0.97,
913,6.031135,0.96666664,0.96666664,
914,5.947914,0.99,0.99,
915,6.0037274,0.96,0.96,
916,5.988404,0.96666664,0.96666664,
917,5.9540515,0.97,0.97,
918,6.0129404,0.97333336,0.97333336,
919,5.9886823,0.97333336,0.97333336,
920,5.9745035,0.97333336,0.97333336,7.088393,0.91,0.91,
921,5.982894,0.99,0.99,
922,5.9575505,0.99,0.99,
923,5.9686284,0.9766667,0.9766667,
924,5.9857864,0.98,0.98,
925,5.9774294,0.9866667,0.9866667,
926,5.9980555,0.97,0.97,
927,5.986246,0.9866667,0.9866667,
928,5.927291,0.99,0.99,
929,5.9742694,0.99333334,0.99333334,
930,5.933449,0.99333334,0.99333334,
931,5.9209003,0.99666667,0.99666667,
932,5.958675,0.98333335,0.98333335,
933,5.9553843,0.9866667,0.9866667,
934,5.958031,0.97333336,0.97333336,
935,6.0112042,0.97,0.97,
936,5.938445,0.99333334,0.99333334,
937,5.9910097,0.97333336,0.97333336,
938,5.945593,0.9766667,0.9766667,
939,5.983406,0.97,0.97,
940,5.93206,0.98,0.98,6.260814,0.9633333,0.9633333,
941,5.9960184,0.97333336,0.97333336,
942,5.971101,0.97,0.97,
943,5.9391894,0.99333334,0.99333334,
944,5.9159656,0.98333335,0.98333335,
945,5.9771748,0.9866667,0.9866667,
946,5.89413,0.99333334,0.99333334,
947,5.9696817,0.97,0.97,
948,5.959466,0.99,0.99,
949,5.948463,0.9866667,0.9866667,
950,5.9098554,0.99333334,0.99333334,
951,5.933416,0.98,0.98,
952,5.9225283,0.99666667,0.99666667,
953,5.9808073,0.98333335,0.98333335,
954,5.9242625,0.99333334,0.99333334,
955,5.9249144,0.98,0.98,
956,5.9214296,0.99666667,0.99666667,
957,5.9487705,0.9766667,0.9766667,
958,5.9654775,0.97,0.97,
959,5.9570084,0.98333335,0.98333335,
960,5.9444776,0.9866667,0.9866667,7.131997,0.8666667,0.8666667,
961,5.981967,0.98,0.98,
962,5.985743,0.98333335,0.98333335,
963,5.9261394,0.98333335,0.98333335,
964,5.9288645,0.98333335,0.98333335,
965,6.0266237,0.9633333,0.9633333,
966,5.883539,0.99666667,0.99666667,
967,5.9799905,0.98,0.98,
968,5.9311366,0.99333334,0.99333334,
969,5.9342422,0.99,0.99,
970,5.9918222,0.95666665,0.95666665,
971,5.966451,0.99666667,0.99666667,
972,5.9718995,0.9766667,0.9766667,
973,5.958605,0.98333335,0.98333335,
974,5.9130487,0.99666667,0.99666667,
975,5.9870434,0.9633333,0.9633333,
976,5.923417,0.99333334,0.99333334,
977,5.9385967,0.98,0.98,
978,5.9442544,0.98333335,0.98333335,
979,5.908801,0.99,0.99,
980,5.966806,0.98333335,0.98333335,7.1574054,0.94,0.94,
981,5.953414,0.98,0.98,
982,5.9627857,0.99,0.99,
983,5.997053,0.98,0.98,
984,5.936844,0.9866667,0.9866667,
985,5.9431043,0.99,0.99,
986,5.957837,0.99333334,0.99333334,
987,5.9332657,0.9766667,0.9766667,
988,5.982201,0.97333336,0.97333336,
989,5.963768,0.99333334,0.99333334,
990,5.9450207,0.97333336,0.97333336,
991,5.912866,0.99333334,0.99333334,
992,5.9616294,0.9866667,0.9866667,
993,5.9746857,0.99333334,0.99333334,
994,5.9280047,0.99,0.99,
995,5.9945006,0.9866667,0.9866667,
996,5.9545846,0.99333334,0.99333334,
997,5.9210114,0.99666667,0.99666667,
998,5.930619,0.99666667,0.99666667,
999,5.9174848,0.98333335,0.98333335,
1000,5.9319534,0.99333334,0.99333334,6.880109,0.89666665,0.89666665,
1001,5.93278,0.99333334,0.99333334,
1002,5.998414,0.98333335,0.98333335,
1003,5.947124,0.98333335,0.98333335,
1004,5.8971434,0.99666667,0.99666667,
1005,5.895637,0.99333334,0.99333334,
1006,5.9139857,0.99333334,0.99333334,
1007,5.9297833,0.98,0.98,
1008,5.9329653,0.97333336,0.97333336,
1009,5.9670453,0.98,0.98,
1010,6.0132885,0.96666664,0.96666664,
1011,5.932584,0.98333335,0.98333335,
1012,5.9554334,0.9866667,0.9866667,
1013,5.9340405,0.99333334,0.99333334,
1014,5.976885,0.99,0.99,
1015,5.9498234,1.0,1.0,
1016,5.971227,0.9866667,0.9866667,
1017,5.909144,0.98,0.98,
1018,5.9678693,0.9633333,0.9633333,
1019,5.926546,0.99666667,0.99666667,
1020,5.8990326,0.99666667,0.99666667,7.1198487,0.91,0.91,
1021,5.901181,0.9866667,0.9866667,
1022,5.9071875,0.99666667,0.99666667,
1023,5.976351,0.9766667,0.9766667,
1024,6.0039296,0.96666664,0.96666664,
1025,5.9599566,0.9766667,0.9766667,
1026,5.9718323,0.99,0.99,
1027,5.949442,0.99,0.99,
1028,5.9286985,0.99333334,0.99333334,
1029,5.9541974,0.98,0.98,
1030,5.9468007,0.97333336,0.97333336,
1031,6.0115275,0.95666665,0.95666665,
1032,5.937324,0.9866667,0.9866667,
1033,5.934255,0.9866667,0.9866667,
1034,5.971334,0.98,0.98,
1035,5.947752,0.99666667,0.99666667,
1036,5.94586,0.99333334,0.99333334,
1037,5.9127154,0.97333336,0.97333336,
1038,5.9720674,0.9766667,0.9766667,
1039,5.885197,0.99,0.99,
1040,5.9134665,0.98,0.98,7.97618,0.77,0.77,
1041,5.914984,0.98,0.98,
1042,5.914207,0.9866667,0.9866667,
1043,5.931228,0.99,0.99,
1044,5.9832044,0.9766667,0.9766667,
1045,5.9366426,0.9866667,0.9866667,
1046,5.9530973,0.99,0.99,
1047,6.018053,0.95,0.95,
1048,5.9786572,0.9533333,0.9533333,
1049,6.0051394,0.97,0.97,
1050,5.908726,0.99,0.99,
1051,5.949279,0.99333334,0.99333334,
1052,5.938132,0.9866667,0.9866667,
1053,5.959891,0.99333334,0.99333334,
1054,5.9344077,0.98333335,0.98333335,
1055,5.965158,0.98333335,0.98333335,
1056,5.9110737,0.99,0.99,
1057,5.9689984,0.9866667,0.9866667,
1058,5.9651775,0.9866667,0.9866667,
1059,5.982909,0.9766667,0.9766667,
1060,5.9130197,0.99,0.99,6.5194874,0.93666667,0.93666667,
1061,5.9510136,0.9866667,0.9866667,
1062,5.922338,0.99666667,0.99666667,
1063,5.9402614,0.98,0.98,
1064,5.900231,0.99666667,0.99666667,
1065,5.9124246,0.99333334,0.99333334,
1066,5.9407043,0.99666667,0.99666667,
1067,5.961005,0.9533333,0.9533333,
1068,5.9194965,0.99,0.99,
1069,5.9294653,0.9866667,0.9866667,
1070,5.9149084,0.9866667,0.9866667,
1071,5.9970202,0.96666664,0.96666664,
1072,5.914596,0.98333335,0.98333335,
1073,5.986095,0.9766667,0.9766667,
1074,5.9140086,0.99333334,0.99333334,
1075,5.927974,0.98333335,0.98333335,
1076,5.8978443,0.99333334,0.99333334,
1077,5.970221,0.9766667,0.9766667,
1078,5.884799,1.0,1.0,
1079,5.9187474,0.9866667,0.9866667,
1080,5.9647613,0.9766667,0.9766667,6.508468,0.92333335,0.92333335,
1081,5.9052024,0.99333334,0.99333334,
1082,5.912247,0.99666667,0.99666667,
1083,5.981735,0.96,0.96,
1084,5.9493113,0.98333335,0.98333335,
1085,5.99924,0.9633333,0.9633333,
1086,5.962072,0.98333335,0.98333335,
1087,5.986367,0.96666664,0.96666664,
1088,5.929478,0.99,0.99,
1089,5.962988,0.98,0.98,
1090,5.900477,1.0,1.0,
1091,5.987783,0.97333336,0.97333336,
1092,5.9126334,0.9866667,0.9866667,
1093,5.9502935,0.9866667,0.9866667,
1094,5.942394,0.99,0.99,
1095,5.922347,0.99,0.99,
1096,5.926779,0.99333334,0.99333334,
1097,5.9486237,0.98,0.98,
1098,5.912475,0.99666667,0.99666667,
1099,5.9230113,0.99666667,0.99666667,
1100,5.9334564,0.9766667,0.9766667,6.3882895,0.92333335,0.92333335,
1101,5.92624,0.99333334,0.99333334,
1102,5.9447145,0.98333335,0.98333335,
1103,5.904168,0.99666667,0.99666667,
1104,5.9463763,0.97333336,0.97333336,
1105,5.931135,0.99,0.99,
1106,5.925472,0.99,0.99,
1107,5.9719105,0.96666664,0.96666664,
1108,5.895497,0.9866667,0.9866667,
1109,5.91879,0.99,0.99,
1110,5.9386263,0.98,0.98,
1111,5.8896275,1.0,1.0,
1112,5.905083,0.99666667,0.99666667,
1113,5.8837605,0.99666667,0.99666667,
1114,5.8889017,0.99666667,0.99666667,
1115,5.9050083,0.98,0.98,
1116,5.9672503,0.9766667,0.9766667,
1117,5.8897347,1.0,1.0,
1118,5.921158,0.98,0.98,
1119,5.9028726,0.98,0.98,
1120,5.976319,0.96,0.96,7.6995087,0.87,0.87,
1121,6.004718,0.96666664,0.96666664,
1122,5.926816,0.9766667,0.9766667,
1123,5.9320087,0.9766667,0.9766667,
1124,5.920764,0.98333335,0.98333335,
1125,5.9129443,0.99333334,0.99333334,
1126,5.9505305,0.98,0.98,
1127,5.9129486,0.99,0.99,
1128,5.953742,0.99,0.99,
1129,5.899049,0.9766667,0.9766667,
1130,5.941971,0.98,0.98,
1131,5.9335947,0.99333334,0.99333334,
1132,5.9521055,0.98333335,0.98333335,
1133,5.9113455,0.9866667,0.9866667,
1134,5.8846946,0.99333334,0.99333334,
1135,5.9045544,0.99,0.99,
1136,5.9748883,0.96666664,0.96666664,
1137,5.924236,0.99,0.99,
1138,5.93578,0.97,0.97,
1139,5.9480376,0.9766667,0.9766667,
1140,5.919891,0.99333334,0.99333334,6.963311,0.91333336,0.91333336,
1141,5.9238605,0.97,0.97,
1142,5.939174,0.9866667,0.9866667,
1143,5.961335,0.97333336,0.97333336,
1144,5.9084644,0.99333334,0.99333334,
1145,5.9011846,0.99333334,0.99333334,
1146,5.9266653,0.98,0.98,
1147,5.911811,0.99,0.99,
1148,5.8731995,1.0,1.0,
1149,5.96556,0.98333335,0.98333335,
1150,5.928238,0.96666664,0.96666664,
1151,5.910456,0.99666667,0.99666667,
1152,5.9370747,0.97,0.97,
1153,5.953058,0.98333335,0.98333335,
1154,5.939937,0.9766667,0.9766667,
1155,5.915159,1.0,1.0,
1156,5.9406686,0.97333336,0.97333336,
1157,5.9198666,0.98333335,0.98333335,
1158,5.9429035,0.96666664,0.96666664,
1159,5.9083242,0.99333334,0.99333334,
1160,5.9457912,0.97333336,0.97333336,7.3623343,0.85333335,0.85333335,
1161,5.8979383,0.99,0.99,
1162,5.8586264,1.0,1.0,
1163,5.9013653,0.99333334,0.99333334,
1164,5.919563,0.99333334,0.99333334,
1165,5.920021,0.99666667,0.99666667,
1166,5.9574757,0.9866667,0.9866667,
1167,5.889217,0.99,0.99,
1168,5.932748,0.97333336,0.97333336,
1169,5.9181256,0.98333335,0.98333335,
1170,5.9349103,0.9766667,0.9766667,
1171,5.8919096,0.99666667,0.99666667,
1172,5.8937435,0.99333334,0.99333334,
1173,5.9122863,0.9866667,0.9866667,
1174,5.886088,0.99,0.99,
1175,5.9298725,0.97333336,0.97333336,
1176,5.887157,0.99,0.99,
1177,6.0104127,0.9633333,0.9633333,
1178,5.9049196,0.99333334,0.99333334,
1179,5.8762026,0.99333334,0.99333334,
1180,5.9018245,0.99,0.99,6.6317415,0.9,0.9,
1181,5.8866343,0.99333334,0.99333334,
1182,5.9644084,0.9633333,0.9633333,
1183,5.9634533,0.9766667,0.9766667,
1184,5.913007,0.99333334,0.99333334,
1185,5.918217,0.99,0.99,
1186,5.9368753,0.98333335,0.98333335,
1187,5.8906536,0.99666667,0.99666667,
1188,5.904335,0.99,0.99,
1189,5.9541554,0.98333335,0.98333335,
1190,5.8897862,1.0,1.0,
1191,5.9389243,0.98333335,0.98333335,
1192,5.942784,0.9766667,0.9766667,
1193,5.9391265,0.98,0.98,
1194,5.892618,0.99666667,0.99666667,
1195,5.9298735,0.99333334,0.99333334,
1196,5.9419117,0.98333335,0.98333335,
1197,5.9164,0.99333334,0.99333334,
1198,5.9000454,0.99333334,0.99333334,
1199,5.8772883,0.99,0.99,
1200,5.867811,0.99666667,0.99666667,6.603503,0.9166667,0.9166667,
1201,5.967654,0.96666664,0.96666664,
1202,5.8910704,0.99333334,0.99333334,
1203,5.9360347,0.99333334,0.99333334,
1204,5.8885083,0.99666667,0.99666667,
1205,5.9090023,0.9866667,0.9866667,
1206,5.907639,0.99,0.99,
1207,5.9050446,0.99,0.99,
1208,5.9073963,0.99666667,0.99666667,
1209,5.9346495,0.98,0.98,
1210,5.9640665,0.9633333,0.9633333,
1211,5.8909597,0.99333334,0.99333334,
1212,5.930525,0.98,0.98,
1213,5.9592447,0.96666664,0.96666664,
1214,5.88992,0.99,0.99,
1215,5.94634,0.97333336,0.97333336,
1216,5.914871,0.9866667,0.9866667,
1217,5.8983865,1.0,1.0,
1218,5.9072204,0.9866667,0.9866667,
1219,5.9302387,0.99,0.99,
1220,5.903018,0.99,0.99,7.0183773,0.9266667,0.9266667,
1221,5.91226,0.99,0.99,
1222,5.895594,0.98333335,0.98333335,
1223,5.9472475,0.9766667,0.9766667,
1224,5.8719134,0.99333334,0.99333334,
1225,5.906898,0.99333334,0.99333334,
1226,5.9424744,0.98333335,0.98333335,
1227,5.868348,0.99666667,0.99666667,
1228,5.9007916,0.98,0.98,
1229,5.9328094,0.97,0.97,
1230,5.938142,0.9766667,0.9766667,
1231,5.9262595,0.9866667,0.9866667,
1232,5.9272594,0.97333336,0.97333336,
1233,5.875108,0.99666667,0.99666667,
1234,5.8955426,0.98,0.98,
1235,5.948521,0.98333335,0.98333335,
1236,5.9344244,0.9866667,0.9866667,
1237,5.916625,0.9766667,0.9766667,
1238,5.9125977,0.9866667,0.9866667,
1239,5.880244,0.9866667,0.9866667,
1240,5.9058185,0.9866667,0.9866667,6.3789377,0.96666664,0.96666664,
1241,5.920608,0.98333335,0.98333335,
1242,5.8936257,0.99666667,0.99666667,
1243,5.925104,0.99333334,0.99333334,
1244,5.918931,0.99,0.99,
1245,5.888337,1.0,1.0,
1246,5.8514915,1.0,1.0,
1247,5.9175954,0.98333335,0.98333335,
1248,5.8704433,0.99333334,0.99333334,
1249,5.9489646,0.99666667,0.99666667,
1250,5.903733,0.99,0.99,
1251,5.8956227,0.99333334,0.99333334,
1252,5.880103,0.99333334,0.99333334,
1253,5.887106,0.98,0.98,
1254,5.8603525,0.98333335,0.98333335,
1255,5.902216,0.9866667,0.9866667,
1256,5.8810163,1.0,1.0,
1257,5.927094,0.9866667,0.9866667,
1258,5.8975697,0.99333334,0.99333334,
1259,5.897712,0.9866667,0.9866667,
1260,5.8941855,0.99666667,0.99666667,6.6188326,0.9166667,0.9166667,
1261,5.889871,0.9866667,0.9866667,
1262,5.8724365,0.99666667,0.99666667,
1263,5.9674277,0.9633333,0.9633333,
1264,5.873307,1.0,1.0,
1265,5.896768,0.99666667,0.99666667,
1266,5.913724,1.0,1.0,
1267,5.9118357,0.99333334,0.99333334,
1268,5.900417,0.99333334,0.99333334,
1269,5.9288473,0.99333334,0.99333334,
1270,5.8656797,1.0,1.0,
1271,5.952716,0.9766667,0.9766667,
1272,5.93602,0.9866667,0.9866667,
1273,5.927069,0.9866667,0.9866667,
1274,5.9463706,0.9766667,0.9766667,
1275,5.893458,0.99333334,0.99333334,
1276,5.889939,0.99,0.99,
1277,5.894753,0.9866667,0.9866667,
1278,5.895622,0.99666667,0.99666667,
1279,5.8760777,0.99333334,0.99333334,
1280,5.918839,0.9866667,0.9866667,7.4618216,0.8833333,0.8833333,
1281,5.894394,0.9866667,0.9866667,
1282,5.8822966,0.99333334,0.99333334,
1283,5.873997,0.99,0.99,
1284,5.9235535,0.9766667,0.9766667,
1285,5.905184,0.99,0.99,
1286,5.9228005,0.98333335,0.98333335,
1287,5.9530115,0.94666666,0.94666666,
1288,5.8921843,1.0,1.0,
1289,5.90082,0.99333334,0.99333334,
1290,5.882083,0.9866667,0.9866667,
1291,5.9011707,0.98,0.98,
1292,5.8757296,1.0,1.0,
1293,5.9229474,0.98,0.98,
1294,5.879941,0.99666667,0.99666667,
1295,5.8931656,0.9866667,0.9866667,
1296,5.94328,0.97,0.97,
1297,5.914236,0.99333334,0.99333334,
1298,5.9130335,0.98,0.98,
1299,5.888637,1.0,1.0,
1300,5.89112,0.99,0.99,6.346459,0.93666667,0.93666667,
1301,5.860601,1.0,1.0,
1302,5.885509,0.99,0.99,
1303,5.9088645,0.99666667,0.99666667,
1304,5.857101,0.99333334,0.99333334,
1305,5.8767753,0.99333334,0.99333334,
1306,5.9117684,0.99666667,0.99666667,
1307,5.9472346,0.96,0.96,
1308,5.867148,0.99666667,0.99666667,
1309,5.8623323,0.99333334,0.99333334,
1310,5.9040923,0.99,0.99,
1311,5.9023466,0.99333334,0.99333334,
1312,5.9013033,0.99666667,0.99666667,
1313,5.8918066,0.9766667,0.9766667,
1314,5.9329844,0.98333335,0.98333335,
1315,5.89402,0.99666667,0.99666667,
1316,5.904642,0.99333334,0.99333334,
1317,5.901535,0.98333335,0.98333335,
1318,5.8986735,1.0,1.0,
1319,5.9183345,0.99,0.99,
1320,5.914751,0.98333335,0.98333335,6.484022,0.9033333,0.9033333,
1321,5.9037504,0.99666667,0.99666667,
1322,5.934495,0.9866667,0.9866667,
1323,5.863184,0.99666667,0.99666667,
1324,5.9402375,0.9866667,0.9866667,
1325,5.8841634,0.99666667,0.99666667,
1326,5.912814,0.99333334,0.99333334,
1327,5.9120054,0.98,0.98,
1328,5.8768473,1.0,1.0,
1329,5.9366894,0.99,0.99,
1330,5.839216,1.0,1.0,
1331,5.9147906,0.9866667,0.9866667,
1332,5.868064,0.99666667,0.99666667,
1333,5.8508906,1.0,1.0,
1334,5.935071,0.9866667,0.9866667,
1335,5.8641505,1.0,1.0,
1336,5.855481,0.99,0.99,
1337,5.9168425,0.99333334,0.99333334,
1338,5.868577,0.99666667,0.99666667,
1339,5.892527,0.99666667,0.99666667,
1340,5.903051,0.99333334,0.99333334,6.435923,0.9533333,0.9533333,
1341,5.86777,1.0,1.0,
1342,5.93435,0.98333335,0.98333335,
1343,5.871417,1.0,1.0,
1344,5.8959074,0.99,0.99,
1345,5.9311433,0.9866667,0.9866667,
1346,5.8858733,0.99666667,0.99666667,
1347,5.862815,1.0,1.0,
1348,5.8864093,0.99,0.99,
1349,5.91465,0.9866667,0.9866667,
1350,5.8582735,0.99,0.99,
1351,5.9263196,0.99,0.99,
1352,5.911011,0.9766667,0.9766667,
1353,5.8924475,0.99,0.99,
1354,5.8647614,0.99666667,0.99666667,
1355,5.8954206,0.9866667,0.9866667,
1356,5.8809214,0.98333335,0.98333335,
1357,5.928549,0.9633333,0.9633333,
1358,5.886845,0.99333334,0.99333334,
1359,5.9351215,0.98,0.98,
1360,5.9127545,0.99,0.99,6.768026,0.95,0.95,
1361,5.904769,0.99,0.99,
1362,5.94188,0.98333335,0.98333335,
1363,5.9143696,0.98333335,0.98333335,
1364,5.9829917,0.96666664,0.96666664,
1365,5.9032497,0.99666667,0.99666667,
1366,5.873345,0.99333334,0.99333334,
1367,5.8808804,0.99333334,0.99333334,
1368,5.9107776,0.99666667,0.99666667,
1369,5.8934326,0.99666667,0.99666667,
1370,5.912283,0.9866667,0.9866667,
1371,5.949143,0.97333336,0.97333336,
1372,5.9175067,0.97333336,0.97333336,
1373,5.905363,0.99666667,0.99666667,
1374,5.8899927,0.98333335,0.98333335,
1375,5.8965096,0.99,0.99,
1376,5.9118457,0.98333335,0.98333335,
1377,5.911619,0.9866667,0.9866667,
1378,5.8887167,0.99333334,0.99333334,
1379,5.9463296,0.97,0.97,
1380,5.874716,0.99,0.99,7.088798,0.92333335,0.92333335,
1381,5.890433,0.99,0.99,
1382,5.898864,0.99666667,0.99666667,
1383,5.9128265,0.98,0.98,
1384,5.860622,0.99666667,0.99666667,
1385,5.9449725,0.9633333,0.9633333,
1386,5.9188137,0.9633333,0.9633333,
1387,5.8904166,0.99,0.99,
1388,5.884969,0.98333335,0.98333335,
1389,5.898713,0.99666667,0.99666667,
1390,5.9133167,0.98,0.98,
1391,5.922004,0.99,0.99,
1392,5.991221,0.94666666,0.94666666,
1393,5.8571596,0.99666667,0.99666667,
1394,5.9384937,0.99333334,0.99333334,
1395,5.8762693,1.0,1.0,
1396,5.9102163,0.9766667,0.9766667,
1397,5.9645367,0.96666664,0.96666664,
1398,5.902701,1.0,1.0,
1399,5.897801,0.98333335,0.98333335,
1400,5.9014893,0.99,0.99,7.0724096,0.9066667,0.9066667,
1401,5.8801045,0.99666667,0.99666667,
1402,5.9079537,0.9866667,0.9866667,
1403,5.877375,0.99666667,0.99666667,
1404,5.879806,1.0,1.0,
1405,5.8833447,0.99666667,0.99666667,
1406,5.9008665,0.99,0.99,
1407,5.8773623,0.99333334,0.99333334,
1408,5.8770213,0.99,0.99,
1409,5.911076,0.99,0.99,
1410,5.9016476,0.99,0.99,
1411,5.860763,0.99666667,0.99666667,
1412,5.9062376,0.99,0.99,
1413,5.8916783,0.99,0.99,
1414,5.908662,1.0,1.0,
1415,5.9256835,0.97333336,0.97333336,
1416,5.8586373,0.99666667,0.99666667,
1417,5.9028845,0.99,0.99,
1418,5.895126,0.99333334,0.99333334,
1419,5.908226,0.98333335,0.98333335,
1420,5.884906,0.99333334,0.99333334,6.83367,0.93,0.93,
1421,5.887644,0.98,0.98,
1422,5.8479557,0.99666667,0.99666667,
1423,5.9251127,0.9766667,0.9766667,
1424,5.8566713,0.99666667,0.99666667,
1425,5.895881,0.99,0.99,
1426,5.8548355,1.0,1.0,
1427,5.92585,0.95666665,0.95666665,
1428,5.9334507,0.9866667,0.9866667,
1429,5.907264,0.98,0.98,
1430,5.9045625,0.98,0.98,
1431,5.8881574,0.99666667,0.99666667,
1432,5.8772955,0.9866667,0.9866667,
1433,5.862558,0.99333334,0.99333334,
1434,5.895104,0.99,0.99,
1435,5.8837476,0.99666667,0.99666667,
1436,5.8895335,0.9866667,0.9866667,
1437,5.926878,0.98333335,0.98333335,
1438,5.877058,0.99,0.99,
1439,5.897196,0.99,0.99,
1440,5.878497,0.99333334,0.99333334,7.342522,0.84,0.84,
1441,5.878549,0.98333335,0.98333335,
1442,5.8751884,0.99666667,0.99666667,
1443,5.8703136,1.0,1.0,
1444,5.874227,1.0,1.0,
1445,5.9340525,0.9766667,0.9766667,
1446,5.9159975,0.9766667,0.9766667,
1447,5.8907347,0.98,0.98,
1448,5.8873005,0.9866667,0.9866667,
1449,5.8817263,0.99333334,0.99333334,
1450,5.845809,0.99,0.99,
1451,5.883886,0.99666667,0.99666667,
1452,5.8722105,1.0,1.0,
1453,5.8781643,0.9866667,0.9866667,
1454,5.8808703,0.99,0.99,
1455,5.8630533,0.99333334,0.99333334,
1456,5.928479,0.97333336,0.97333336,
1457,5.896816,0.99666667,0.99666667,
1458,5.876665,0.99333334,0.99333334,
1459,5.8639283,0.99333334,0.99333334,
1460,5.837538,1.0,1.0,7.067978,0.9266667,0.9266667,
1461,5.866593,0.99333334,0.99333334,
1462,5.8799562,0.99666667,0.99666667,
1463,5.8930707,0.99333334,0.99333334,
1464,5.884095,0.99666667,0.99666667,
1465,5.877878,0.99666667,0.99666667,
1466,5.8625693,0.99,0.99,
1467,5.888976,0.9866667,0.9866667,
1468,5.893695,0.9633333,0.9633333,
1469,5.901944,0.99,0.99,
1470,5.8900967,0.9866667,0.9866667,
1471,5.863962,0.99333334,0.99333334,
1472,5.878052,0.99666667,0.99666667,
1473,5.919589,0.97333336,0.97333336,
1474,5.8977437,0.98333335,0.98333335,
1475,5.883305,0.98,0.98,
1476,5.8734384,0.99,0.99,
1477,5.839693,1.0,1.0,
1478,5.8864536,0.98,0.98,
1479,5.888609,0.9866667,0.9866667,
1480,5.934493,0.9866667,0.9866667,6.3447123,0.95,0.95,
1481,5.8541384,0.99,0.99,
1482,5.8810935,0.99333334,0.99333334,
1483,5.8714476,1.0,1.0,
1484,5.874652,0.99333334,0.99333334,
1485,5.8537416,0.99666667,0.99666667,
1486,5.8550625,0.99666667,0.99666667,
1487,5.8519382,0.99333334,0.99333334,
1488,5.9037037,0.9766667,0.9766667,
1489,5.9112844,0.97333336,0.97333336,
1490,5.932183,0.9766667,0.9766667,
1491,5.869146,0.99666667,0.99666667,
1492,5.846465,0.99666667,0.99666667,
1493,5.863867,0.99666667,0.99666667,
1494,5.865569,1.0,1.0,
1495,5.9082804,0.97333336,0.97333336,
1496,5.89659,0.99,0.99,
1497,5.861197,0.99666667,0.99666667,
1498,5.906281,0.98333335,0.98333335,
1499,5.8566294,0.99333334,0.99333334,
1500,5.9062104,0.98,0.98,6.7344084,0.9433333,0.9433333,
1501,5.860683,1.0,1.0,
1502,5.8817954,0.99,0.99,
1503,5.893058,0.98333335,0.98333335,
1504,5.8669953,0.99333334,0.99333334,
1505,5.884841,1.0,1.0,
1506,5.848401,1.0,1.0,
1507,5.8653955,0.99333334,0.99333334,
1508,5.901818,0.9766667,0.9766667,
1509,5.8360777,1.0,1.0,
1510,5.9125986,0.99,0.99,
1511,5.866673,0.99666667,0.99666667,
1512,5.916372,0.98,0.98,
1513,5.8492837,0.99,0.99,
1514,5.852364,0.99666667,0.99666667,
1515,5.873849,0.99,0.99,
1516,5.8790536,0.99333334,0.99333334,
1517,5.877114,0.99333334,0.99333334,
1518,5.913725,0.99333334,0.99333334,
1519,5.8879642,0.99,0.99,
1520,5.8687024,1.0,1.0,6.3295116,0.91,0.91,
1521,5.827914,1.0,1.0,
1522,5.8799458,0.99,0.99,
1523,5.925704,0.98,0.98,
1524,5.9081907,0.9866667,0.9866667,
1525,5.8829775,0.99666667,0.99666667,
1526,5.8850613,0.99,0.99,
1527,5.861217,0.99333334,0.99333334,
1528,5.874442,0.99,0.99,
1529,5.8547435,1.0,1.0,
1530,5.8934693,1.0,1.0,
1531,5.8280315,1.0,1.0,
1532,5.8532104,0.99,0.99,
1533,5.8852944,0.99666667,0.99666667,
1534,5.880717,1.0,1.0,
1535,5.8973227,0.99,0.99,
1536,5.8771696,0.99,0.99,
1537,5.84645,0.99,0.99,
1538,5.836082,1.0,1.0,
1539,5.871352,0.99333334,0.99333334,
1540,5.8667154,0.99333334,0.99333334,6.2755322,0.96666664,0.96666664,
1541,5.8925486,0.98,0.98,
1542,5.8729677,0.99666667,0.99666667,
1543,5.895393,0.98333335,0.98333335,
1544,5.869574,0.99333334,0.99333334,
1545,5.9021554,0.99666667,0.99666667,
1546,5.873457,1.0,1.0,
1547,5.8818836,0.99333334,0.99333334,
1548,5.8453646,1.0,1.0,
1549,5.891736,0.99,0.99,
1550,5.8965354,0.98333335,0.98333335,
1551,5.900983,0.9866667,0.9866667,
1552,5.9036407,0.98,0.98,
1553,5.8774676,0.98,0.98,
1554,5.8715696,0.98333335,0.98333335,
1555,5.8982778,0.98333335,0.98333335,
1556,5.929076,0.97333336,0.97333336,
1557,5.8489914,0.99333334,0.99333334,
1558,5.880962,0.99,0.99,
1559,5.844803,0.99666667,0.99666667,
1560,5.8779583,0.99,0.99,6.715539,0.8933333,0.8933333,
1561,5.8888836,0.99666667,0.99666667,
1562,5.879419,0.99666667,0.99666667,
1563,5.8931584,0.98,0.98,
1564,5.8571033,0.99,0.99,
1565,5.841863,0.99333334,0.99333334,
1566,5.85469,0.99333334,0.99333334,
1567,5.8809886,0.99333334,0.99333334,
1568,5.8610973,0.99,0.99,
1569,5.900869,0.98333335,0.98333335,
1570,5.939454,0.9633333,0.9633333,
1571,5.8655977,0.98,0.98,
1572,5.8949046,0.99666667,0.99666667,
1573,5.898203,1.0,1.0,
1574,5.8329897,0.99666667,0.99666667,
1575,5.8670435,1.0,1.0,
1576,5.8509655,1.0,1.0,
1577,5.8783817,0.99333334,0.99333334,
1578,5.87926,0.99,0.99,
1579,5.850829,0.99666667,0.99666667,
1580,5.9199142,0.99666667,0.99666667,6.4120536,0.9433333,0.9433333,
1581,5.8645062,0.99,0.99,
1582,5.8741345,0.99666667,0.99666667,
1583,5.8624735,0.99,0.99,
1584,5.8719897,0.99666667,0.99666667,
1585,5.8628316,0.99333334,0.99333334,
1586,5.921588,0.98,0.98,
1587,5.865553,0.98,0.98,
1588,5.8669767,0.99666667,0.99666667,
1589,5.882116,0.99,0.99,
1590,5.86079,0.99,0.99,
1591,5.8443694,1.0,1.0,
1592,5.860614,0.99666667,0.99666667,
1593,5.8654532,1.0,1.0,
1594,5.8947406,0.98333335,0.98333335,
1595,5.882844,0.9766667,0.9766667,
1596,5.850375,0.99666667,0.99666667,
1597,5.8398685,1.0,1.0,
1598,5.87601,0.99,0.99,
1599,5.889546,0.99,0.99,
1600,5.855325,0.99333334,0.99333334,6.3645945,0.93666667,0.93666667,
1601,5.8858533,0.99333334,0.99333334,
1602,5.8861227,0.99666667,0.99666667,
1603,5.8537436,0.99666667,0.99666667,
1604,5.885964,0.99333334,0.99333334,
1605,5.8688054,0.99333334,0.99333334,
1606,5.9202585,0.9633333,0.9633333,
1607,5.8431354,1.0,1.0,
1608,5.911954,0.98333335,0.98333335,
1609,5.8451967,0.99333334,0.99333334,
1610,5.848047,0.99666667,0.99666667,
1611,5.8781004,1.0,1.0,
1612,5.868991,0.9866667,0.9866667,
1613,5.89327,0.99,0.99,
1614,5.864504,0.99666667,0.99666667,
1615,5.892272,0.99333334,0.99333334,
1616,5.8731203,0.99666667,0.99666667,
1617,5.8426776,1.0,1.0,
1618,5.868077,0.99666667,0.99666667,
1619,5.866934,0.99333334,0.99333334,
1620,5.901166,0.98,0.98,6.445791,0.93,0.93,
1621,5.874633,1.0,1.0,
1622,5.85914,1.0,1.0,
1623,5.879693,0.99333334,0.99333334,
1624,5.8872385,0.98333335,0.98333335,
1625,5.8449106,0.99333334,0.99333334,
1626,5.917925,0.97333336,0.97333336,
1627,5.846445,0.99666667,0.99666667,
1628,5.8885694,0.99,0.99,
1629,5.883784,0.99666667,0.99666667,
1630,5.8808894,0.99333334,0.99333334,
1631,5.934448,0.95666665,0.95666665,
1632,5.875595,1.0,1.0,
1633,5.8612905,0.99333334,0.99333334,
1634,5.8946047,0.98,0.98,
1635,5.84245,0.99333334,0.99333334,
1636,5.8496103,1.0,1.0,
1637,5.9584513,0.96666664,0.96666664,
1638,5.9091563,0.99,0.99,
1639,5.8557506,0.99333334,0.99333334,
1640,5.925674,0.97,0.97,6.443294,0.92,0.92,
1641,5.8792653,1.0,1.0,
1642,5.844451,0.99333334,0.99333334,
1643,5.8644886,0.99333334,0.99333334,
1644,5.9260964,0.95666665,0.95666665,
1645,5.8606324,0.99,0.99,
1646,5.859866,0.99666667,0.99666667,
1647,5.8674874,0.99,0.99,
1648,5.8784666,0.99666667,0.99666667,
1649,5.9358444,0.9766667,0.9766667,
1650,5.9027305,0.99,0.99,
1651,5.909679,0.96,0.96,
1652,5.8557696,0.9866667,0.9866667,
1653,5.9550853,0.98,0.98,
1654,5.848907,0.99,0.99,
1655,5.9163775,0.9766667,0.9766667,
1656,5.9032755,0.9766667,0.9766667,
1657,5.854891,0.99333334,0.99333334,
1658,5.8443093,0.99666667,0.99666667,
1659,5.8929386,0.98,0.98,
1660,5.868523,0.99666667,0.99666667,6.420455,0.9033333,0.9033333,
1661,5.865183,1.0,1.0,
1662,5.86739,0.99,0.99,
1663,5.8549542,0.99666667,0.99666667,
1664,5.82459,0.99666667,0.99666667,
1665,5.85409,1.0,1.0,
1666,5.853688,0.99666667,0.99666667,
1667,5.876405,0.98333335,0.98333335,
1668,5.8368783,0.99666667,0.99666667,
1669,5.8322077,1.0,1.0,
1670,5.8359427,0.99333334,0.99333334,
1671,5.8727956,0.99666667,0.99666667,
1672,5.855941,0.99666667,0.99666667,
1673,5.861015,0.99333334,0.99333334,
1674,5.8795605,0.98333335,0.98333335,
1675,5.829991,0.99666667,0.99666667,
1676,5.9552126,0.9633333,0.9633333,
1677,5.88409,0.9866667,0.9866667,
1678,5.8674765,0.99333334,0.99333334,
1679,5.8982706,0.99333334,0.99333334,
1680,5.9239044,0.98333335,0.98333335,6.3159833,0.9166667,0.9166667,
1681,5.864153,0.99666667,0.99666667,
1682,5.8345428,0.99666667,0.99666667,
1683,5.874158,0.9866667,0.9866667,
1684,5.8571854,0.99666667,0.99666667,
1685,5.890394,0.97,0.97,
1686,5.8848987,0.97333336,0.97333336,
1687,5.912582,0.97333336,0.97333336,
1688,5.8440228,0.99666667,0.99666667,
1689,5.873195,0.98333335,0.98333335,
1690,5.838625,1.0,1.0,
1691,5.875243,0.99666667,0.99666667,
1692,5.8607054,0.99666667,0.99666667,
1693,5.9076614,0.99,0.99,
1694,5.88231,0.9866667,0.9866667,
1695,5.8641295,0.98,0.98,
1696,5.9358,0.95,0.95,
1697,5.859453,0.9866667,0.9866667,
1698,5.888385,0.97333336,0.97333336,
1699,5.844245,0.99,0.99,
1700,5.885745,1.0,1.0,6.2173367,0.93,0.93,
1701,5.8958135,0.99,0.99,
1702,5.853861,0.99333334,0.99333334,
1703,5.8428354,0.99333334,0.99333334,
1704,5.903437,0.98333335,0.98333335,
1705,5.847366,0.99666667,0.99666667,
1706,5.8543,0.99666667,0.99666667,
1707,5.8704195,0.99666667,0.99666667,
1708,5.8933573,0.9866667,0.9866667,
1709,5.873725,0.9766667,0.9766667,
1710,5.8759007,0.9633333,0.9633333,
1711,5.8594112,0.98333335,0.98333335,
1712,5.8882895,0.98333335,0.98333335,
1713,5.8579807,0.99,0.99,
1714,5.9036636,0.99,0.99,
1715,5.87299,0.98333335,0.98333335,
1716,5.8740773,0.99,0.99,
1717,5.9015074,0.99,0.99,
1718,5.895197,0.99,0.99,
1719,5.8739758,0.97333336,0.97333336,
1720,5.876524,0.99666667,0.99666667,6.426418,0.93666667,0.93666667,
1721,5.854233,0.99666667,0.99666667,
1722,5.875949,0.99666667,0.99666667,
1723,5.8673697,0.9866667,0.9866667,
1724,5.8534446,0.99666667,0.99666667,
1725,5.861321,0.99666667,0.99666667,
1726,5.8721,0.99666667,0.99666667,
1727,5.854083,0.99666667,0.99666667,
1728,5.866914,0.99666667,0.99666667,
1729,5.84192,0.99666667,0.99666667,
1730,5.8343077,1.0,1.0,
1731,5.865201,0.98333335,0.98333335,
1732,5.8913074,0.98,0.98,
1733,5.8894954,0.9866667,0.9866667,
1734,5.873162,0.99333334,0.99333334,
1735,5.8340564,0.99666667,0.99666667,
1736,5.834952,1.0,1.0,
1737,5.8555,1.0,1.0,
1738,5.820017,0.99666667,0.99666667,
1739,5.8618183,0.99666667,0.99666667,
1740,5.8433743,0.99333334,0.99333334,6.3045816,0.93666667,0.93666667,
1741,5.8147655,1.0,1.0,
1742,5.916917,0.98,0.98,
1743,5.853196,0.99333334,0.99333334,
1744,5.8476005,0.99666667,0.99666667,
1745,5.8539352,0.99666667,0.99666667,
1746,5.8377094,0.99666667,0.99666667,
1747,5.867159,0.99666667,0.99666667,
1748,5.8299155,0.99666667,0.99666667,
1749,5.832902,1.0,1.0,
1750,5.827657,0.99666667,0.99666667,
1751,5.8760605,0.98333335,0.98333335,
1752,5.864898,1.0,1.0,
1753,5.9006886,0.97333336,0.97333336,
1754,5.890622,0.97333336,0.97333336,
1755,5.853814,0.99333334,0.99333334,
1756,5.8113256,1.0,1.0,
1757,5.8829427,0.9866667,0.9866667,
1758,5.818538,0.99666667,0.99666667,
1759,5.860898,0.99666667,0.99666667,
1760,5.8779974,0.9866667,0.9866667,6.5611277,0.9066667,0.9066667,
1761,5.8855433,0.98,0.98,
1762,5.847949,0.99666667,0.99666667,
1763,5.8704677,0.98333335,0.98333335,
1764,5.897639,0.9766667,0.9766667,
1765,5.838258,0.99666667,0.99666667,
1766,5.856812,0.98333335,0.98333335,
1767,5.8865204,0.99,0.99,
1768,5.843812,1.0,1.0,
1769,5.859399,1.0,1.0,
1770,6.005004,0.93,0.93,
1771,5.866554,0.99666667,0.99666667,
1772,5.8472996,1.0,1.0,
1773,5.874631,0.98333335,0.98333335,
1774,5.860084,0.99,0.99,
1775,5.8667164,0.99666667,0.99666667,
1776,5.853226,0.9866667,0.9866667,
1777,5.8657684,0.99,0.99,
1778,5.839808,0.99666667,0.99666667,
1779,5.86197,0.99666667,0.99666667,
1780,5.850008,0.9866667,0.9866667,6.456892,0.9266667,0.9266667,
1781,5.898962,0.9766667,0.9766667,
1782,5.8967113,0.9766667,0.9766667,
1783,5.858958,0.98333335,0.98333335,
1784,5.862776,0.99333334,0.99333334,
1785,5.8761234,0.99333334,0.99333334,
1786,5.8563757,1.0,1.0,
1787,5.85775,0.99666667,0.99666667,
1788,5.8966937,0.98333335,0.98333335,
1789,5.884685,0.9866667,0.9866667,
1790,5.8726206,0.97333336,0.97333336,
1791,5.8224416,1.0,1.0,
1792,5.8989735,0.98333335,0.98333335,
1793,5.895085,0.99,0.99,
1794,5.847274,0.99333334,0.99333334,
1795,5.8770924,0.99,0.99,
1796,5.8697033,0.9866667,0.9866667,
1797,5.8470793,0.99666667,0.99666667,
1798,5.8497314,0.99666667,0.99666667,
1799,5.8505983,0.99666667,0.99666667,
1800,5.8344216,1.0,1.0,7.194456,0.88,0.88,
1801,5.89628,0.99,0.99,
1802,5.8362656,1.0,1.0,
1803,5.873276,0.9866667,0.9866667,
1804,5.8577113,0.99666667,0.99666667,
1805,5.818293,1.0,1.0,
1806,5.843269,0.99,0.99,
1807,5.8431325,0.99333334,0.99333334,
1808,5.8536315,1.0,1.0,
1809,5.8187733,1.0,1.0,
1810,5.872885,0.99333334,0.99333334,
1811,5.8462343,1.0,1.0,
1812,5.9150443,0.9866667,0.9866667,
1813,5.8725767,0.99333334,0.99333334,
1814,5.848174,0.99333334,0.99333334,
1815,5.830782,1.0,1.0,
1816,5.9062448,0.97,0.97,
1817,5.8321743,0.99333334,0.99333334,
1818,5.934672,0.9633333,0.9633333,
1819,5.81532,0.99666667,0.99666667,
1820,5.9001913,0.99,0.99,6.5273843,0.92,0.92,
1821,5.835355,0.99333334,0.99333334,
1822,5.9139752,0.97333336,0.97333336,
1823,5.822076,0.99333334,0.99333334,
1824,5.8232675,1.0,1.0,
1825,5.837376,0.99333334,0.99333334,
1826,5.8836803,0.99,0.99,
1827,5.9081817,0.98,0.98,
1828,5.8452954,0.99333334,0.99333334,
1829,5.835906,1.0,1.0,
1830,5.8431034,0.99666667,0.99666667,
1831,5.833595,1.0,1.0,
1832,5.875228,0.99,0.99,
1833,5.859418,0.99333334,0.99333334,
1834,5.876491,0.9866667,0.9866667,
1835,5.854422,0.9866667,0.9866667,
1836,5.861107,0.99,0.99,
1837,5.8845224,0.99,0.99,
1838,5.8565826,0.9866667,0.9866667,
1839,5.8377843,1.0,1.0,
1840,5.8678255,0.99666667,0.99666667,6.970651,0.93,0.93,
1841,5.866094,0.99666667,0.99666667,
1842,5.836952,0.99666667,0.99666667,
1843,5.901134,0.99,0.99,
1844,5.864879,0.98333335,0.98333335,
1845,5.89046,0.9766667,0.9766667,
1846,5.8161173,1.0,1.0,
1847,5.8416443,1.0,1.0,
1848,5.8929095,0.99666667,0.99666667,
1849,5.856784,0.99,0.99,
1850,5.871352,0.98,0.98,
1851,5.84819,0.99333334,0.99333334,
1852,5.832343,0.99666667,0.99666667,
1853,5.81899,1.0,1.0,
1854,5.85407,0.99666667,0.99666667,
1855,5.8688946,0.99,0.99,
1856,5.8413687,0.99333334,0.99333334,
1857,5.864092,0.9866667,0.9866667,
1858,5.8537064,1.0,1.0,
1859,5.830998,0.99666667,0.99666667,
1860,5.85303,0.99666667,0.99666667,6.6654572,0.89,0.89,
1861,5.8122854,1.0,1.0,
1862,5.849078,0.99333334,0.99333334,
1863,5.8368053,0.99666667,0.99666667,
1864,5.849232,0.99666667,0.99666667,
1865,5.8424335,1.0,1.0,
1866,5.839165,0.99666667,0.99666667,
1867,5.8501287,0.99,0.99,
1868,5.8911376,0.98333335,0.98333335,
1869,5.8478575,0.99333334,0.99333334,
1870,5.8399143,1.0,1.0,
1871,5.870584,0.98333335,0.98333335,
1872,5.8245387,1.0,1.0,
1873,5.855387,0.9866667,0.9866667,
1874,5.8724394,0.99333334,0.99333334,
1875,5.848518,1.0,1.0,
1876,5.811095,1.0,1.0,
1877,5.861256,0.9866667,0.9866667,
1878,5.820043,1.0,1.0,
1879,5.872153,0.98,0.98,
1880,5.8675632,0.99666667,0.99666667,6.279998,0.94,0.94,
1881,5.8157415,0.99666667,0.99666667,
1882,5.901353,0.9866667,0.9866667,
1883,5.8512278,0.98,0.98,
1884,5.8718057,0.99333334,0.99333334,
1885,5.837806,0.99666667,0.99666667,
1886,5.886494,0.97,0.97,
1887,5.8442383,0.99333334,0.99333334,
1888,5.835989,0.99666667,0.99666667,
1889,5.8605986,1.0,1.0,
1890,5.8197803,0.99666667,0.99666667,
1891,5.885823,0.9866667,0.9866667,
1892,5.800758,1.0,1.0,
1893,5.8443003,0.99666667,0.99666667,
1894,5.8546658,0.99666667,0.99666667,
1895,5.8553166,0.99333334,0.99333334,
1896,5.872773,0.97,0.97,
1897,5.8575244,0.99333334,0.99333334,
1898,5.9029393,0.9866667,0.9866667,
1899,5.869416,0.99,0.99,
1900,5.8306065,1.0,1.0,6.276205,0.95,0.95,
1901,5.870043,0.99666667,0.99666667,
1902,5.84667,1.0,1.0,
1903,5.9170656,0.9766667,0.9766667,
1904,5.839027,1.0,1.0,
1905,5.8153677,1.0,1.0,
1906,5.859777,0.99,0.99,
1907,5.850024,0.99666667,0.99666667,
1908,5.8484106,0.98333335,0.98333335,
1909,5.8633604,0.99,0.99,
1910,5.8311515,0.99666667,0.99666667,
1911,5.826576,0.99666667,0.99666667,
1912,5.821632,0.99666667,0.99666667,
1913,5.833969,0.99333334,0.99333334,
1914,5.852028,0.99,0.99,
1915,5.8248973,0.99333334,0.99333334,
1916,5.876226,0.98333335,0.98333335,
1917,5.860603,0.99333334,0.99333334,
1918,5.8697705,0.9766667,0.9766667,
1919,5.8305492,0.99666667,0.99666667,
1920,5.8246164,1.0,1.0,6.3642926,0.95666665,0.95666665,
1921,5.845207,0.9866667,0.9866667,
1922,5.8237514,0.99666667,0.99666667,
1923,5.8392496,0.99333334,0.99333334,
1924,5.8263416,1.0,1.0,
1925,5.851446,0.99666667,0.99666667,
1926,5.850115,0.99666667,0.99666667,
1927,5.8518367,0.99333334,0.99333334,
1928,5.8532567,0.99666667,0.99666667,
1929,5.8617454,0.99333334,0.99333334,
1930,5.8463445,0.99333334,0.99333334,
1931,5.8057184,1.0,1.0,
1932,5.844634,0.99666667,0.99666667,
1933,5.835991,0.99666667,0.99666667,
1934,5.8690867,0.99333334,0.99333334,
1935,5.834481,1.0,1.0,
1936,5.8749804,0.9866667,0.9866667,
1937,5.8032284,1.0,1.0,
1938,5.843922,0.98,0.98,
1939,5.8322735,0.99666667,0.99666667,
1940,5.8285174,1.0,1.0,6.6799154,0.93,0.93,
1941,5.832368,1.0,1.0,
1942,5.8599896,0.98333335,0.98333335,
1943,5.840394,0.99666667,0.99666667,
1944,5.823876,1.0,1.0,
1945,5.832524,0.99666667,0.99666667,
1946,5.8313694,1.0,1.0,
1947,5.8168545,1.0,1.0,
1948,5.871115,0.98333335,0.98333335,
1949,5.829737,1.0,1.0,
1950,5.813307,1.0,1.0,
1951,5.9313793,0.96666664,0.96666664,
1952,5.9121866,0.97,0.97,
1953,5.8503613,0.99333334,0.99333334,
1954,5.821394,1.0,1.0,
1955,5.8946533,0.97333336,0.97333336,
1956,5.8424163,0.99666667,0.99666667,
1957,5.858209,0.99,0.99,
1958,5.8163624,0.99666667,0.99666667,
1959,5.844843,0.99666667,0.99666667,
1960,5.8350534,0.99666667,0.99666667,7.180474,0.87333333,0.87333333,
1961,5.8420453,0.99333334,0.99333334,
1962,5.859603,0.99,0.99,
1963,5.8377056,0.99,0.99,
1964,5.873993,0.98,0.98,
1965,5.892156,0.98,0.98,
1966,5.7885957,1.0,1.0,
1967,5.8418436,0.99666667,0.99666667,
1968,5.8193293,0.99666667,0.99666667,
1969,5.847511,0.99666667,0.99666667,
1970,5.861865,0.99333334,0.99333334,
1971,5.8444476,0.99666667,0.99666667,
1972,5.8710537,0.99,0.99,
1973,5.81777,0.99666667,0.99666667,
1974,5.8556933,0.99,0.99,
1975,5.8290243,0.99666667,0.99666667,
1976,5.830591,0.99333334,0.99333334,
1977,5.8786497,0.9766667,0.9766667,
1978,5.835577,0.99,0.99,
1979,5.8711305,0.99666667,0.99666667,
1980,5.8680134,0.97333336,0.97333336,6.3741026,0.88666666,0.88666666,
1981,5.883399,0.9866667,0.9866667,
1982,5.8342505,1.0,1.0,
1983,5.863062,0.9866667,0.9866667,
1984,5.8656797,0.98333335,0.98333335,
1985,5.86002,0.9866667,0.9866667,
1986,5.833194,0.99,0.99,
1987,5.8809795,0.98,0.98,
1988,5.8815737,0.98333335,0.98333335,
1989,5.8888326,0.97,0.97,
1990,5.858546,0.99,0.99,
1991,5.8247833,0.99666667,0.99666667,
1992,5.8273263,1.0,1.0,
1993,5.8322296,1.0,1.0,
1994,5.8308506,1.0,1.0,
1995,5.844414,1.0,1.0,
1996,5.8465934,0.99333334,0.99333334,
1997,5.83075,1.0,1.0,
1998,5.8600903,0.99666667,0.99666667,
1999,5.8670044,0.99666667,0.99666667,
2000,5.8391376,0.99666667,0.99666667,6.3309865,0.9166667,0.9166667,
